{
  "chatbox_position": {
    "left": 0.00117096018735363,
    "top": 0.9362745098039216
  },
  "subtitle_position": {
    "x": 0.5456674473067916,
    "y": 0.7813725490196078
  },
  "subtitle_size": {
    "width": 472.3333435058594,
    "height": 192
  }
}